[{"model": "bo.requete", "pk": 15, "fields": {"libelle": "plombier+lille"}}, {"model": "bo.requete", "pk": 16, "fields": {"libelle": "plombier+lille"}}, {"model": "bo.requete", "pk": 17, "fields": {"libelle": "plombier"}}, {"model": "bo.requete", "pk": 18, "fields": {"libelle": "plombier"}}, {"model": "bo.requete", "pk": 19, "fields": {"libelle": "plombier+lille"}}, {"model": "bo.requete", "pk": 20, "fields": {"libelle": "plombier"}}, {"model": "bo.requete", "pk": 21, "fields": {"libelle": "agence+web+france"}}, {"model": "bo.requete", "pk": 22, "fields": {"libelle": "agence+web+france"}}, {"model": "bo.requete", "pk": 23, "fields": {"libelle": "agence+web+france"}}, {"model": "bo.requete", "pk": 24, "fields": {"libelle": "artisan+carreleur+lambersart"}}, {"model": "bo.requete", "pk": 25, "fields": {"libelle": "artisan+carreleur+lambersart"}}, {"model": "bo.requete", "pk": 26, "fields": {"libelle": "artisan+carreleur+lambersart"}}, {"model": "bo.requete", "pk": 27, "fields": {"libelle": "artisan+carreleur+lambersart"}}, {"model": "bo.requete", "pk": 28, "fields": {"libelle": "artisan+carreleur+lambersart"}}, {"model": "bo.requete", "pk": 29, "fields": {"libelle": "carreleur+lille"}}, {"model": "bo.requete", "pk": 30, "fields": {"libelle": "carreleur+lille"}}, {"model": "bo.requete", "pk": 31, "fields": {"libelle": "carreleur+lille"}}, {"model": "bo.requete", "pk": 32, "fields": {"libelle": "plombier+lille"}}, {"model": "bo.requete", "pk": 33, "fields": {"libelle": "plombier+lille"}}, {"model": "bo.requete", "pk": 34, "fields": {"libelle": "vtc+lille"}}, {"model": "bo.requete", "pk": 35, "fields": {"libelle": "vtc+lille"}}, {"model": "bo.requete", "pk": 36, "fields": {"libelle": "vtc+lille"}}, {"model": "bo.requete", "pk": 37, "fields": {"libelle": "vtc+lille"}}, {"model": "bo.requete", "pk": 38, "fields": {"libelle": "vtc+lille"}}, {"model": "bo.requete", "pk": 39, "fields": {"libelle": "vtc+lille"}}, {"model": "bo.requete", "pk": 40, "fields": {"libelle": "artisan+carreleur+lambersart"}}, {"model": "bo.requete", "pk": 41, "fields": {"libelle": "artisan+carreleur+lambersart"}}, {"model": "bo.requete", "pk": 42, "fields": {"libelle": "artisan+carreleur+lambersart"}}, {"model": "bo.requete", "pk": 43, "fields": {"libelle": "artisan+carreleur+lambersart"}}, {"model": "bo.requete", "pk": 44, "fields": {"libelle": "artisan+carreleur+lambersart"}}, {"model": "bo.requete", "pk": 45, "fields": {"libelle": "artisan+carreleur+lambersart"}}, {"model": "bo.requete", "pk": 46, "fields": {"libelle": "artisan+carreleur+lambersart"}}, {"model": "bo.requete", "pk": 47, "fields": {"libelle": "artisan+carreleur+lambersart"}}, {"model": "bo.requete", "pk": 48, "fields": {"libelle": "artisan+carreleur+lambersart"}}, {"model": "bo.requete", "pk": 49, "fields": {"libelle": "artisan+carreleur+lambersart"}}, {"model": "bo.requete", "pk": 50, "fields": {"libelle": "artisan+carreleur+lambersart"}}, {"model": "bo.requete", "pk": 51, "fields": {"libelle": "agence+d?loppement+python"}}, {"model": "bo.siteweb", "pk": 8, "fields": {"url": "https://uber-plombier.fr/"}}, {"model": "bo.siteweb", "pk": 9, "fields": {"url": "https://www.google.com/search?q=plombier&start=40"}}, {"model": "bo.siteweb", "pk": 10, "fields": {"url": "https://france-agence.fr/"}}, {"model": "bo.siteweb", "pk": 11, "fields": {"url": "https://carreleur-lille.fr/pose-carrelage-lambersart/"}}, {"model": "bo.siteweb", "pk": 12, "fields": {"url": "https://carreleur-lille.fr/pose-carrelage-lille/"}}, {"model": "bo.siteweb", "pk": 13, "fields": {"url": "https://chauffeur-vtc-lille.fr/"}}, {"model": "bo.siteweb", "pk": 14, "fields": {"url": "https://france-agence.fr/agence-python/"}}, {"model": "bo.aclicker", "pk": 13, "fields": {"requete": 15, "siteweb": 8, "resultat": "Found", "date_heure": "2022-01-09T20:06:44.808Z", "proxy": "88.151.10.220", "timescrolling": 3, "positition_page": 3}}, {"model": "bo.aclicker", "pk": 14, "fields": {"requete": 16, "siteweb": 8, "resultat": "Found", "date_heure": "2022-01-09T20:07:19.847Z", "proxy": "88.151.10.61", "timescrolling": 3, "positition_page": 3}}, {"model": "bo.aclicker", "pk": 15, "fields": {"requete": 17, "siteweb": 8, "resultat": "Found", "date_heure": "2022-01-09T20:09:18.303Z", "proxy": "88.151.10.220", "timescrolling": 2, "positition_page": 6}}, {"model": "bo.aclicker", "pk": 16, "fields": {"requete": 18, "siteweb": 8, "resultat": "Found", "date_heure": "2022-01-09T20:10:16.836Z", "proxy": "88.151.10.61", "timescrolling": 3, "positition_page": 6}}, {"model": "bo.aclicker", "pk": 17, "fields": {"requete": 19, "siteweb": 8, "resultat": "Found", "date_heure": "2022-01-09T20:15:45.520Z", "proxy": "88.151.10.220", "timescrolling": 3, "positition_page": 3}}, {"model": "bo.aclicker", "pk": 18, "fields": {"requete": 20, "siteweb": 9, "resultat": "NotFound", "date_heure": "2022-01-09T20:16:35.884Z", "proxy": "88.151.10.220", "timescrolling": 0, "positition_page": 50}}, {"model": "bo.aclicker", "pk": 19, "fields": {"requete": 21, "siteweb": 10, "resultat": "Found", "date_heure": "2022-01-09T22:55:52.805Z", "proxy": "88.151.10.220", "timescrolling": 4, "positition_page": 1}}, {"model": "bo.aclicker", "pk": 20, "fields": {"requete": 22, "siteweb": 10, "resultat": "Found", "date_heure": "2022-01-09T23:26:46.555Z", "proxy": "88.151.10.220", "timescrolling": 4, "positition_page": 1}}, {"model": "bo.aclicker", "pk": 21, "fields": {"requete": 23, "siteweb": 10, "resultat": "Found", "date_heure": "2022-01-15T13:37:44.290Z", "proxy": "88.151.10.220", "timescrolling": 60, "positition_page": 1}}, {"model": "bo.aclicker", "pk": 22, "fields": {"requete": 24, "siteweb": 11, "resultat": "Found", "date_heure": "2022-01-15T15:04:40.463Z", "proxy": "88.151.10.220", "timescrolling": 36, "positition_page": 1}}, {"model": "bo.aclicker", "pk": 23, "fields": {"requete": 25, "siteweb": 11, "resultat": "Found", "date_heure": "2022-01-15T15:05:30.423Z", "proxy": "88.151.10.61", "timescrolling": 35, "positition_page": 1}}, {"model": "bo.aclicker", "pk": 24, "fields": {"requete": 26, "siteweb": 11, "resultat": "Found", "date_heure": "2022-01-15T15:06:16.259Z", "proxy": "88.151.10.83", "timescrolling": 30, "positition_page": 1}}, {"model": "bo.aclicker", "pk": 25, "fields": {"requete": 27, "siteweb": 11, "resultat": "Found", "date_heure": "2022-01-15T15:07:18.468Z", "proxy": "88.151.10.225", "timescrolling": 48, "positition_page": 1}}, {"model": "bo.aclicker", "pk": 26, "fields": {"requete": 28, "siteweb": 11, "resultat": "Found", "date_heure": "2022-01-15T15:08:09.564Z", "proxy": "88.151.10.97", "timescrolling": 36, "positition_page": 1}}, {"model": "bo.aclicker", "pk": 27, "fields": {"requete": 29, "siteweb": 12, "resultat": "Found", "date_heure": "2022-01-15T16:10:59.007Z", "proxy": "88.151.10.220", "timescrolling": 36, "positition_page": 2}}, {"model": "bo.aclicker", "pk": 28, "fields": {"requete": 30, "siteweb": 12, "resultat": "Found", "date_heure": "2022-01-15T16:12:34.221Z", "proxy": "88.151.10.220", "timescrolling": 37, "positition_page": 2}}, {"model": "bo.aclicker", "pk": 29, "fields": {"requete": 31, "siteweb": 12, "resultat": "Found", "date_heure": "2022-01-15T16:13:42.532Z", "proxy": "88.151.10.61", "timescrolling": 42, "positition_page": 2}}, {"model": "bo.aclicker", "pk": 30, "fields": {"requete": 32, "siteweb": 8, "resultat": "Found", "date_heure": "2022-01-15T17:22:48.128Z", "proxy": "88.151.10.220", "timescrolling": 77, "positition_page": 3}}, {"model": "bo.aclicker", "pk": 31, "fields": {"requete": 33, "siteweb": 8, "resultat": "Found", "date_heure": "2022-01-15T17:24:46.103Z", "proxy": "88.151.10.61", "timescrolling": 77, "positition_page": 3}}, {"model": "bo.aclicker", "pk": 32, "fields": {"requete": 34, "siteweb": 13, "resultat": "Found", "date_heure": "2022-01-16T00:23:47.044Z", "proxy": "88.151.10.220", "timescrolling": 86, "positition_page": 1}}, {"model": "bo.aclicker", "pk": 33, "fields": {"requete": 35, "siteweb": 13, "resultat": "Found", "date_heure": "2022-01-16T00:25:50.452Z", "proxy": "88.151.10.61", "timescrolling": 97, "positition_page": 2}}, {"model": "bo.aclicker", "pk": 34, "fields": {"requete": 36, "siteweb": 13, "resultat": "Found", "date_heure": "2022-01-16T00:27:48.409Z", "proxy": "88.151.10.83", "timescrolling": 91, "positition_page": 2}}, {"model": "bo.aclicker", "pk": 35, "fields": {"requete": 37, "siteweb": 13, "resultat": "Found", "date_heure": "2022-01-16T00:29:45.439Z", "proxy": "88.151.10.225", "timescrolling": 87, "positition_page": 2}}, {"model": "bo.aclicker", "pk": 36, "fields": {"requete": 38, "siteweb": 13, "resultat": "Found", "date_heure": "2022-01-16T00:31:39.850Z", "proxy": "88.151.10.97", "timescrolling": 89, "positition_page": 2}}, {"model": "bo.aclicker", "pk": 37, "fields": {"requete": 39, "siteweb": 13, "resultat": "Found", "date_heure": "2022-01-16T00:33:35.187Z", "proxy": "88.151.10.203", "timescrolling": 89, "positition_page": 2}}, {"model": "bo.aclicker", "pk": 38, "fields": {"requete": 40, "siteweb": 11, "resultat": "Found", "date_heure": "2022-01-16T13:37:18.523Z", "proxy": "88.151.10.220", "timescrolling": 39, "positition_page": 1}}, {"model": "bo.aclicker", "pk": 39, "fields": {"requete": 41, "siteweb": 11, "resultat": "Found", "date_heure": "2022-01-16T13:38:18.293Z", "proxy": "88.151.10.61", "timescrolling": 43, "positition_page": 1}}, {"model": "bo.aclicker", "pk": 40, "fields": {"requete": 42, "siteweb": 11, "resultat": "Found", "date_heure": "2022-01-16T13:39:12.025Z", "proxy": "88.151.10.83", "timescrolling": 40, "positition_page": 1}}, {"model": "bo.aclicker", "pk": 41, "fields": {"requete": 43, "siteweb": 11, "resultat": "Found", "date_heure": "2022-01-16T13:40:06.501Z", "proxy": "88.151.10.225", "timescrolling": 40, "positition_page": 1}}, {"model": "bo.aclicker", "pk": 42, "fields": {"requete": 44, "siteweb": 11, "resultat": "Found", "date_heure": "2022-01-16T13:40:52.458Z", "proxy": "88.151.10.97", "timescrolling": 32, "positition_page": 1}}, {"model": "bo.aclicker", "pk": 43, "fields": {"requete": 45, "siteweb": 11, "resultat": "Found", "date_heure": "2022-01-16T13:41:42.426Z", "proxy": "88.151.10.203", "timescrolling": 35, "positition_page": 1}}, {"model": "bo.aclicker", "pk": 44, "fields": {"requete": 46, "siteweb": 11, "resultat": "Found", "date_heure": "2022-01-16T13:42:35.778Z", "proxy": "88.151.10.181", "timescrolling": 38, "positition_page": 1}}, {"model": "bo.aclicker", "pk": 45, "fields": {"requete": 47, "siteweb": 11, "resultat": "Found", "date_heure": "2022-01-16T13:43:28.157Z", "proxy": "88.151.10.55", "timescrolling": 38, "positition_page": 1}}, {"model": "bo.aclicker", "pk": 46, "fields": {"requete": 48, "siteweb": 11, "resultat": "Found", "date_heure": "2022-01-16T13:44:20.238Z", "proxy": "88.151.10.50", "timescrolling": 38, "positition_page": 1}}, {"model": "bo.aclicker", "pk": 47, "fields": {"requete": 49, "siteweb": 11, "resultat": "Found", "date_heure": "2022-01-16T13:45:13.317Z", "proxy": "88.151.10.141", "timescrolling": 37, "positition_page": 1}}, {"model": "bo.aclicker", "pk": 48, "fields": {"requete": 50, "siteweb": 11, "resultat": "Found", "date_heure": "2022-01-16T13:46:06.944Z", "proxy": "88.151.10.108", "timescrolling": 36, "positition_page": 1}}, {"model": "bo.aclicker", "pk": 49, "fields": {"requete": 51, "siteweb": 14, "resultat": "Found", "date_heure": "2022-01-16T19:37:47.529Z", "proxy": "88.151.10.220", "timescrolling": 35, "positition_page": 1}}, {"model": "bo.proxy", "pk": 1, "fields": {"host": "88.151.10.220", "port": "12323", "user": "7a363be8e335", "password": "6ed753f876", "est_actif": true}}, {"model": "bo.proxy", "pk": 2, "fields": {"host": "88.151.10.61", "port": "12323", "user": "7a363be8e335", "password": "6ed753f876", "est_actif": true}}, {"model": "bo.proxy", "pk": 3, "fields": {"host": "88.151.10.83", "port": "12323", "user": "7a363be8e335", "password": "6ed753f876", "est_actif": true}}, {"model": "bo.proxy", "pk": 4, "fields": {"host": "88.151.10.225", "port": "12323", "user": "7a363be8e335", "password": "6ed753f876", "est_actif": true}}, {"model": "bo.proxy", "pk": 5, "fields": {"host": "88.151.10.97", "port": "12323", "user": "7a363be8e335", "password": "6ed753f876", "est_actif": true}}, {"model": "bo.proxy", "pk": 6, "fields": {"host": "88.151.10.203", "port": "12323", "user": "7a363be8e335", "password": "6ed753f876", "est_actif": true}}, {"model": "bo.proxy", "pk": 7, "fields": {"host": "88.151.10.181", "port": "12323", "user": "7a363be8e335", "password": "6ed753f876", "est_actif": true}}, {"model": "bo.proxy", "pk": 8, "fields": {"host": "88.151.10.55", "port": "12323", "user": "7a363be8e335", "password": "6ed753f876", "est_actif": true}}, {"model": "bo.proxy", "pk": 9, "fields": {"host": "88.151.10.50", "port": "12323", "user": "7a363be8e335", "password": "6ed753f876", "est_actif": true}}, {"model": "bo.proxy", "pk": 10, "fields": {"host": "88.151.10.141", "port": "12323", "user": "7a363be8e335", "password": "6ed753f876", "est_actif": true}}, {"model": "bo.proxy", "pk": 11, "fields": {"host": "88.151.10.108", "port": "12323", "user": "7a363be8e335", "password": "6ed753f876", "est_actif": true}}, {"model": "bo.proxy", "pk": 12, "fields": {"host": "88.151.10.129", "port": "12323", "user": "7a363be8e335", "password": "6ed753f876", "est_actif": true}}, {"model": "bo.proxy", "pk": 13, "fields": {"host": "141.11.32.117", "port": "45785", "user": "Selcarreleurlillepro", "password": "K2r2RsS", "est_actif": true}}, {"model": "bo.proxy", "pk": 14, "fields": {"host": "185.124.241.213", "port": "12323", "user": "7aaf0347e1f4", "password": "e2360eb217", "est_actif": true}}, {"model": "bo.proxy", "pk": 15, "fields": {"host": "185.124.241.188", "port": "12323", "user": "7aaf0347e1f4", "password": "e2360eb217", "est_actif": true}}, {"model": "bo.proxy", "pk": 16, "fields": {"host": "5.181.37.81", "port": "12323", "user": "7aaf0347e1f4", "password": "e2360eb217", "est_actif": true}}, {"model": "bo.proxy", "pk": 17, "fields": {"host": "5.181.36.49", "port": "12323", "user": "7aaf0347e1f4", "password": "e2360eb217", "est_actif": true}}, {"model": "bo.proxy", "pk": 18, "fields": {"host": "192.140.2.134", "port": "12323", "user": "7aaf0347e1f4", "password": "e2360eb217", "est_actif": true}}, {"model": "bo.keyword", "pk": 1, "fields": {"nom": "serrurier paris"}}, {"model": "bo.keyword", "pk": 2, "fields": {"nom": "plombier paris"}}, {"model": "bo.keyword", "pk": 3, "fields": {"nom": "d?nnage serrurier"}}, {"model": "bo.keyword", "pk": 4, "fields": {"nom": "query"}}, {"model": "bo.keyword", "pk": 5, "fields": {"nom": "agence d?loppement python"}}, {"model": "bo.useragent", "pk": 1, "fields": {"nom": "iPhone 12", "definition": "Mozilla/5.0 (iPod; CPU iPhone OS 12_0 like macOS) AppleWebKit/602.1.50 (KHTML, like Gecko) Version/12.0 Mobile/14A5335d Safari/602.1.50"}}, {"model": "bo.useragent", "pk": 2, "fields": {"nom": "iPhone Commun", "definition": "Mozilla/5.0 (iPhone; CPU iPhone OS 12_2 like Mac OS X) AppleWebKit/605.1.15 (KHTML, like Gecko) Version/12.1 Mobile/15E148 Safari/604.1"}}]